{
"s3137":{"s5940":6.99999999999998},
"s3069":{"s1322":12},
"s3072":{"s3107":5.99999999999998},
"s3107":{"s3145":5.00000000000006},
"s5323":{"s4774":10},
"s3739":{"s6236":13},
"s6236":{"s4774":14},
"s5330":{"s4254":17.9999999999999},
"s4522":{"s4529":10},
"s4529":{"s3984":9.00000000000001},
"s4506":{"s4514":7.00000000000002},
"s4514":{"s4774":7.99999999999997},
"s2577":{"s2585":4.99999999999982},
"s2585":{"s2366":11.0000000000001},
"s2598":{"s5521":9.9999999999998},
"s5521":{"s4254":7.99999999999997},
"s4254":{"s5323":13,"s6850":18,"s6849":15.0000000000001},
"s4651":{"s2652":12},
"s2448":{"s2904":10},
"s2421":{"s2448":8.99999999999997,"s2853":7.99999999999997},
"s2853":{"s2904":7.99999999999997},
"s4720":{"s6850":12},
"s2557":{"s2326":9.00000000000001},
"s7030":{"s2557":10,"s2318":9.99999999999996},
"s2318":{"s2326":9.00000000000013},
"s5940":{"s3069":7.99999999999997,"s1707":9.00000000000001},
"s1707":{"s175":9.99999999999996},
"s5702":{"s3107":6.00000000000006},
"s786":{"s555":11},
"s567":{"s792":5.99999999999982},
"s792":{"s587":9.00000000000013},
"s587":{"s555":7.99999999999997},
"s555":{"s567":9.00000000000013,"s800":12},
"s800":{"s617":12},
"s3949":{"s3138":15.0000000000001},
"s3960":{"s4830":8.99999999999997},
"s1244":{"s1212":11,"s1338":8.99999999999997},
"s1338":{"s1067":11},
"s6435":{"s3459":18},
"s3502":{"s3459":12},
"s3529":{"s4123":6.99999999999998},
"s4123":{"s6849":15},
"s1795":{"s6596":2.99999999999999},
"s6596":{"s3826":14},
"s1778":{"s1780":2.99999999999999},
"s1780":{"s3331":9.99999999999996},
"s6612":{"s3826":20.0000000000001},
"s1731":{"s175":8.99999999999997},
"s3045":{"s5764":11},
"s3057":{"s3320":9.00000000000001},
"s4895":{"s6849":11},
"s2684":{"s6934":20},
"s2606":{"s2366":23},
"s2712":{"s2366":19.0000000000001},
"s2239":{"s4254":9.99999999999996},
"s4247":{"s2577":7.00000000000014,"s2186":8.00000000000001,"s6939":12},
"s6902":{"s5861":7.99999999999997},
"s4463":{"s7037":6.00000000000006},
"s7037":{"s6470":11},
"s6470":{"s2008":6.99999999999998},
"s2573":{"s3826":11},
"s2025":{"s6496":7.00000000000002},
"s7032":{"s4462":7.00000000000002},
"s4462":{"s4830":7.99999999999997},
"s3789":{"s3374":9.00000000000005},
"s3374":{"s3486":11},
"s3390":{"s3355":12},
"s3355":{"s3175":8.00000000000005},
"s3175":{"s4003":12},
"s4003":{"s3984":15},
"s3130":{"s3137":4.99999999999998,"s3145":4.99999999999998},
"s3935":{"s3137":9.99999999999996,"s3130":4.99999999999998},
"s5303":{"s4349":8.00000000000001},
"s3653":{"s3459":19},
"s4349":{"s3653":8.99999999999997,"s3701":8.00000000000005},
"s3701":{"s3459":20},
"s3690":{"s4364":9.00000000000005},
"s4364":{"s5306":7.99999999999997},
"s5306":{"s6850":15},
"s3459":{"s6647":16,"s3529":15,"s3690":17,"s3718":19},
"s3718":{"s4364":8.00000000000005},
"s3950":{"s3138":11},
"s1259":{"s1244":9.00000000000005,"s1212":11},
"s1260":{"s1067":12},
"s3958":{"s6850":6.99999999999998},
"s2186":{"s5566":14,"s756":25.0000000000001},
"s756":{"s754":14.9999999999999},
"s617":{"s786":10.0000000000001,"s6934":12,"s754":13},
"s754":{"s617":11,"s780":15},
"s780":{"s2239":24,"s6939":21},
"s3310":{"s6496":11},
"s6496":{"s7032":12,"s3316":12.0000000000003},
"s3316":{"s5135":12.9999999999998},
"s4936":{"s5023":18},
"s4950":{"s2444":14},
"s2444":{"s4960":7.99999999999997},
"s4960":{"s5023":9.00000000000001},
"s6639":{"s6637":6.99999999999982},
"s6631":{"s6638":18.0000000000001},
"s6632":{"s6633":14.9999999999999},
"s6633":{"s6648":6.99999999999998},
"s6648":{"s6632":3.00000000000015},
"s6638":{"s6639":2.00000000000015,"s6637":15.0000000000001},
"s6637":{"s6631":2.99999999999999,"s4571":12},
"s4571":{"s6983":12},
"s6983":{"s4545":13},
"s4545":{"s6647":12.0000000000001},
"s6647":{"s3486":11,"s6638":15.0000000000001},
"s2129":{"s175":11},
"s1283":{"s178":15.9999999999999},
"s178":{"s1326":14.9999999999999},
"s1326":{"s3320":15.0000000000001},
"s2120":{"s3137":14,"s3130":14},
"s5556":{"s5164":6.99999999999998},
"s5164":{"s5135":6.00000000000006},
"s5136":{"s5555":6.99999999999998},
"s5555":{"s5963":7.99999999999997},
"s5956":{"s6317":16},
"s6317":{"s3302":12},
"s3331":{"s6849":9.99999999999996,"s6850":16},
"s978":{"s6934":17},
"s977":{"s6448":20},
"s3818":{"s5854":9.9999999999998},
"s5854":{"s3529":14},
"s4110":{"s6435":3.99999999999999,"s3433":7.00000000000014,"s3539":7.00000000000014},
"s3539":{"s3341":12.9999999999998},
"s3341":{"s3577":7.99999999999997},
"s3577":{"s3529":8.00000000000005},
"s5642":{"s5676":12},
"s5676":{"s5643":7.99999999999997},
"s2018":{"s2106":9.00000000000005},
"s2106":{"s1789":5.99999999999998},
"s1789":{"s5247":6.99999999999998},
"s5247":{"s5643":33,"s5032":15.0000000000001},
"s5647":{"s5673":5.00000000000014},
"s5673":{"s5647":4.99999999999998,"s5675":12},
"s5675":{"s5673":12,"s5638":8.99999999999981},
"s5638":{"s5675":7.99999999999997,"s5643":6.00000000000014},
"s5014":{"s5246":13.9999999999998},
"s5246":{"s2065":9.00000000000013},
"s2065":{"s2009":8.99999999999997},
"s2009":{"s2015":7.99999999999997},
"s3247":{"s3320":7.99999999999997,"s2026":3.99999999999999},
"s2026":{"s3302":6.99999999999998},
"s3302":{"s3331":12,"s2576":7.00000000000014},
"s2576":{"s5218":11},
"s5218":{"s4945":9.99999999999996},
"s4945":{"s5643":16.9999999999999},
"s5866":{"s5635":5.99999999999998},
"s5635":{"s5636":7.99999999999997},
"s5637":{"s5634":8.99999999999981},
"s5634":{"s5866":5.99999999999998,"s5643":18.0000000000001},
"s4967":{"s5219":12.9999999999998},
"s5219":{"s2169":7.99999999999997},
"s2169":{"s3300":11.0000000000001},
"s3300":{"s2008":5.00000000000014},
"s2008":{"s2573":7.00000000000002,"s2768":3.99999999999999},
"s2768":{"s3320":7.99999999999997},
"s4920":{"s5135":7.99999999999997},
"s5744":{"s5240":8.00000000000005},
"s5240":{"s5643":17},
"s6079":{"s5639":5.99999999999998},
"s1047":{"s6080":6.99999999999998},
"s6080":{"s1047":4.99999999999998,"s6079":8.99999999999997},
"s5639":{"s6080":4.99999999999998,"s5643":11},
"s5239":{"s5160":7.99999999999997},
"s5160":{"s5135":7.99999999999997},
"s2895":{"s2898":7.99999999999997},
"s6884":{"s2900":4.99999999999982},
"s2900":{"s5676":10.0000000000001},
"s5043":{"s2834":12},
"s2834":{"s2642":11,"s2312":6.99999999999998},
"s2312":{"s5482":4.99999999999998},
"s5482":{"s4770":5.00000000000014},
"s4769":{"s5492":4.99999999999998},
"s2252":{"s2815":6.99999999999998},
"s5677":{"s2893":8.99999999999997,"s2895":6.99999999999998},
"s2815":{"s5963":13,"s5643":32,"s5051":12},
"s5051":{"s2284":5.99999999999998},
"s2898":{"s6884":9.00000000000013,"s2900":8.99999999999997},
"s5032":{"s5643":17.9999999999999,"s5051":9.99999999999996},
"s6554":{"s5643":10.0000000000001},
"s3998":{"s3173":13,"s4001":10},
"s4001":{"s3173":6.99999999999998,"s4003":9.99999999999996},
"s5115":{"s5083":7.00000000000002},
"s5083":{"s5135":7.99999999999997},
"s1671":{"s6932":14},
"s1688":{"s1212":13,"s1225":7.99999999999997},
"s1225":{"s1671":7.99999999999997,"s1212":6.00000000000006},
"s5191":{"s5168":4.00000000000007},
"s5168":{"s5183":6.99999999999998},
"s2749":{"s5464":2.99999999999999},
"s4770":{"s6849":5.99999999999998},
"s2271":{"s5043":7.99999999999997,"s5023":12},
"s4980":{"s2291":5.99999999999998},
"s2291":{"s2573":6.99999999999998},
"s2064":{"s5252":7.00000000000006},
"s2284":{"s5643":19.9999999999999,"s2925":7.99999999999997},
"s2925":{"s2271":7.99999999999997,"s2366":16},
"s4972":{"s5135":12,"s4980":10},
"s5252":{"s5023":18,"s4936":10},
"s6850":{"s4254":20,"s4651":12,"s3984":15,"s5303":15,"s3950":11,"s3285":14.9999999999999,"s2326":25},
"s5041":{"s6850":18},
"s4246":{"s5462":5.00000000000002},
"s5462":{"s2260":11},
"s2260":{"s5035":11},
"s5024":{"s5023":7.99999999999997},
"s5023":{"s4950":8.00000000000005,"s4972":17,"s4980":20.0000000000001,"s2284":12,"s5024":9.00000000000001,"s5035":15.0000000000001},
"s5035":{"s5023":16,"s2311":9.99999999999964},
"s2311":{"s5464":10.0000000000003},
"s5464":{"s4770":6.00000000000006,"s4308":6.99999999999982},
"s4308":{"s6849":19.9999999999999},
"s3038":{"s5914":6.99999999999998},
"s5914":{"s5764":12},
"s1753":{"s5764":6.99999999999998},
"s6936":{"s6848":15},